Product,ProductClean
Yellow Bell Pepper 25lb,Yellow Bell Peppers XXXL
Yellow Bell Pepper 11lb,Yellow Bell Peppers XXXL
Tomatillo,TOMATILLO
Slicer Cucumber,Slicer Cucumber
Roma Tomato,Roma Tomato- XL
Red Bell Pepper 11lb,Red Bell Pepper 11lb
Orangel Bell Pepper 25lb,Orange Bell Peppers XXLG
Orange Bell Pepper 11lb,Orange Bell Peppers XXLG
Jalape単o,Jalape単o
Heirloom,Heirloom
Green Bell Pepper,Green Bell Pepper
Grape Tomato,Grape Tomato
Eggplant,Eggplant
Cherry Tomato,Cherry Tomatoes
Zucchini Squash,Zucchini Squash
Yellow Squash,Yellow Squash
Watermelons,Watermelon Seed
TOV,TOV
Persian Cucumber,Persian Cucumber Choice
Mini Sweets,Mini Sweets
Medley Tomato,Medley Tomatoes
Heirloom Tomato,Heirloom Tomato
Grape,Grape
European Cucumber,Euro Cucumber
Cocktail Tomato,Cocktails Tomato
Strawberries,Strawberry
Red Bell Pepper 25lb,Red Bell Pepper 25lb
Persian Lime,Persian Limes
Honeydew,Honeydew
Habanero,Habanero
Beef Steak Tomato,Beef Steak Tomato
Anaheim,Anaheim
OTV Cocktails,OTV Cocktails
Tomatillo Peeled,Tomatillo Peeled
Shishitos,Shishitos
Round Tomato,Round Tomato
Mini Watermelons,Mini Watermelon Seeded
Green Beans,Green Beans
Gray Squash,Grey Squash
Serrano,Serrano
Poblano,Poblano
Onion,Onion
Broccoli,Broccoli
Avocado,Avocado
Pasilla,PASILLA
Caribe,CARIBE
Pineapple,Pineapple
Orange Bell Pepper 25lb,Orange Bell Peppers XXLG
Carrot,Carrot
Sweet Corn Bicolor,Sweet Corn Bicolor
Spaghetti,Spaghetti
Gray squash,Grey Squash
Butternut,Butternut
Celery ,Celery 
Tomatillo Husk,Tomatillo Husk
Kabocha,Kabocha
Acorn,Acorn
Round 2L Tomato,Round 2L Tomato
Darkloom,Darkloom
Sweet Corn White,Sweet Corn White
Persian Cuke,Mini Persian Cuke
Persian Cuke (California),Persian Cuke (California)
Lettuce,Lettuce
European cucumber,Euro Cucumber
yellow squash,yellow squash
Sweet Corn Yellow,Sweet Corn Yellow
Red Fresno,Red Fresno
Indian eggplant,Indian eggplant
Graffiti eggplant,Graffiti eggplant
Yellow Onion 50 Lb,Yellow Onion 50 Lb
Round 1L Tomato,Round 1L Tomato
pickle,Pickle CH
Green Cabbage,Green Cabbage
White Onion,White Onion
Plain,Plain
Red Bell Pepper 15lb,Red Bell Pepper 15lb
Cauliflower,Cauliflower
Cilantro,Cilantro
Pickle,Pickle CH
Red Bell 11lb,Red Bell 11lb
Jalape単o XL,Jalape単o XL
Zucchini,Zucchini
Yellow,Yellow
Yellow Bell 25lb,Yellow Bell 25lb
Yellow Bell 11lb,Yellow Bell 11lb
Slicer,Slicer
Round 2L,Round 2L
Roma,Roma
Red Bell 25lb,Red Bell 25lb
Persian,Persian
Orange Bell 25lb,Orange Bell 25lb
Orange Bell 11lb,Orange Bell 11lb
Green Bells,Green Beans
European,European
Round ,Round 
Red Onion,Red Onion JBO
Medley ,Medley 
Gray,Gray
Mango Tommy,Mango Tommy
Gray ,Gray 
Cantaloupe,Cantaloupe
Yellow Bell 25# Blocky,Yellow Bell 25# Blocky
Red Bell 25# Blocky,Red Bell 25# Blocky
Orange Bell 25# Blocky,Orange Bell 25# Blocky
Delicata,Delicata
Green Bells DRC,GREEN BELL JBO DRC
Red Bell 15lb,Red Bell 15lb
Raspberries,Raspberries
Blueberries,Blueberries
Blackberries,Blackberries
Watermelon Seeded,Watermelon Seed
SLICER,SLICER
Pineapples,Pineapple
Mango Ataulfo,Mango Ataulfo
Key Lime,Key Lime
Papaya,Papaya
Mango Kent,Mango Kent
Lemon,Lemon
Lemon Choice,Lemon Choice
Cantaloupes,Cantaloupes
persian,persian
GRAY,GRAY
Pineapple Crownless,Pineapple Crownless
Green Plantain,Green Plantain
ROMA,ROMA
Green Bells 20#,Green Bells 20#
