VendorClean,VendorFinal
"Sweet Seasons, LLC.","Sweet Seasons, LLC."
Bridges,Bridges
TRICAR,TRICAR
MexFresh,MexFresh
Giumarra,Giumarra
Grey,Grey
Kaliroy,Kaliroy
Trufresh,Trufresh
Ipr,Ipr
Lakeway,Lakeway
Santa Sweets,Santa Sweets
Seeded,Seeded
Vegfresh,Vegfresh
Malena,Malena
Fresh Farms,Fresh Farms
Doozland,Doozland
Huron,Huron
Agriferg,Agriferg
HM ,HM 
Kingdom,Kingdom
Franks,Franks
Red Sun,Red Sun
Agrivera,Agrivera
ASL PRODUCE,ASL PRODUCE
Divine,Divine
"Produce Team, LLC.","Produce Team, LLC."
"Grower Alliance, LLC","Grower Alliance, LLC"
Peakopia LLC,Peakopia LLC
Mexfresh,Mexfresh
"Produce House, LLC.","Produce House, LLC."
Natural Flavor,Natural Flavor
Amore,Amore
Harvest Best LLC,Harvest Best LLC
Veg Fresh,Veg Fresh
Terra Bella,Terra Bella
Wholesum / Grower Alliance,Wholesum / Grower Alliance
Wholesum,Wholesum
VILLAGE FARMS,VILLAGE FARMS
Topline,Topline
Freshtex,Freshtex
Stesan,Stesan
Splendid,Splendid
EarthBlend LLC,EarthBlend LLC
Farmers Best,Farmers Best
Prime Sales,Prime Sales
ASL,ASL
Farmers,Farmers
Windset,Windset
Chula,Chula
Terrabella,Terrabella
"Amore Produce, LLC.","Amore Produce, LLC."
Verafruit,Verafruit
Delta,Delta
Farm2U,Farm2U
SL,SL
Franks ,Franks 
Rich River,Rich River
FARMERS ,FARMERS 
Wholesum ,Wholesum 
ASL (tomorrow),ASL (tomorrow)
Mex Fresh,Mex Fresh
Wholesum (Tomorrow),Wholesum (Tomorrow)
Fresh Tex,Fresh Tex
Star Produce,Star Produce
HM,HM
IPR Fresh,IPR Fresh
sl,sl
bridges,bridges
Agros,Agros
Cesar Osuna,Cesar Osuna
Marabella ,Marabella 
Covilli,Covilli
Tabafresh,Tabafresh
Cardela,Cardela
Covili,Covili
TPE,TPE
Del Campo,Del Campo
Farmers best,Farmers best
Bellflower,Bellflower
Travelers,Travelers
Delta Fresh,Delta Fresh
Tom Lange,Tom Lange
Harvest Master LLC,Harvest Master LLC
Baloian,Baloian
Blue Creek,Blue Creek
Red Sun ,Red Sun 
iDeal HarBest,iDeal HarBest
DElta,DElta
Globalmex,Globalmex
Global Mex,Global Mex
Del campo,Del campo
Greenpoint,Greenpoint
LM,LM
Terra Bella ,Terra Bella 
SunFed,SunFed
Flavor Choice LLC,Flavor Choice LLC
Terrabella ,Terrabella 
Next level,Next level
LM Companies,LM Companies
Crown Jewels,Crown Jewels
IPR,IPR
"Terra Bella Farms, LLC.","Terra Bella Farms, LLC."
Chucho,Chucho
VP,VP
Wholesum/Terrabella,Wholesum/Terrabella
Huron ,Huron 
Produce Connection,Produce Connection
Green Point,Green Point
FRUTTO FOODS,FRUTTO FOODS
Traveler,Traveler
Red sun,Red sun
Cardela ,Cardela 
SL ,SL 
Cache,Cache
Terra bella,Terra bella
Bebo,Bebo
CARDELA,CARDELA
Prime Time,Prime Time
Lipman,Lipman
GREENPOINT,GREENPOINT
Huron Produce,Huron Produce
"Fresh Direct, Inc.","Fresh Direct, Inc."
Produce Nation,Produce Nation
MEX FRESH,MEX FRESH
Cac,Cac
Healthy Fresh LLC,Healthy Fresh LLC
Southern Tomato,Southern Tomato
Grower,Grower
"Divine Flavor, LLC.","Divine Flavor, LLC."
Quantum,Quantum
Kaliroy ,Kaliroy 
Next Level,Next Level
Bonanza,Bonanza
Wilson,Wilson
Natalia,Natalia
Alamo,Alamo
seeded,seeded
Bigchuy,Bigchuy
Maya Fresh,Maya Fresh
Frutiver,Frutiver
Frello,Frello
frello,frello
Bebofresh,Bebofresh
Premier,Premier
Royal Sun,Royal Sun
FreshTex,FreshTex
TerraBella,TerraBella
Premier P,Premier P
Eagle Eye,Eagle Eye
wholesum,wholesum
Chula Brand,Chula Brand
VegFresh,VegFresh
Lipman ,Lipman 
Grande Produce,Grande Produce
GlobalMex,GlobalMex
Premier Produce,Premier Produce
BRIDGES,BRIDGES
Quantum ,Quantum 
Bebo Fresh,Bebo Fresh
Marabella,Marabella
TropicPak,TropicPak
Thomas Fresh,Thomas Fresh
Royal SUN,Royal SUN
EagleEye,EagleEye
Royal sun ,Royal sun 
Veg fresh,Veg fresh
Atardecer Produce,Atardecer Produce
Kingston Fresh,Kingston Fresh
Tropipack,Tropipack
TerraBella ,TerraBella 
Covili ,Covili 
agriferg,agriferg
Big Chuy,Big Chuy
Vef Fresh,Vef Fresh
Bebo ,Bebo 
Eagle Eye ,Eagle Eye 
Mex fresh,Mex fresh
Star produce,Star produce
Prestige Produce,Prestige Produce
Village,Village
Kingston,Kingston
Wyco,Wyco
SealdSweet,SealdSweet
Santis,Santis
Tendwell,Tendwell
TopShelfag,TopShelfag
Pretige Produce,Pretige Produce
REDSUN,REDSUN
FRANKS,FRANKS
"Direct Roots, LLC.","Direct Roots, LLC."
AGRIFERG,AGRIFERG
bebo,bebo
tropipack,tropipack
cardela ,cardela 
Eagle eye ,Eagle eye 
Veggfresh,Veggfresh
cardela,cardela
Nature Fresh,Nature Fresh
Global mex,Global mex
kingdom,kingdom
Veg Fresg,Veg Fresg
Kingdom ,Kingdom 
PTC,PTC
RedSun,RedSun
CHULA,CHULA
Calavo,Calavo
HURON,HURON
Farmer´s,Farmer´s
Redsun,Redsun
Irigoyen,Irigoyen
Traveler Produce LLC,Traveler Produce LLC
HARVEST,HARVEST
FRESHTEX,FRESHTEX
Royal sun,Royal sun
DIVINE,DIVINE
Heritage Farms,Heritage Farms
VEGFRESH,VEGFRESH
WHOLESUM ,WHOLESUM 
Kingdom/ Greenpoint,Kingdom/ Greenpoint
SEEDED,SEEDED
BEBO,BEBO
baloianfarms,baloianfarms
Full Harvest,Full Harvest
Full harvest,Full harvest
Crown jewels,Crown jewels
KINGDOM,KINGDOM
DELTA,DELTA
Prestige,Prestige
Perlag,Perlag
premier produce,premier produce
STESAN,STESAN
Harvest Central Inc,Harvest Central Inc
FARMERS,FARMERS
CrownJewels,CrownJewels
TERRABELLA,TERRABELLA
Edible Harvest,Edible Harvest
WHOLESUM,WHOLESUM
TENDWELL,TENDWELL
BROTHERS BEST,BROTHERS BEST
First Choice,First Choice
Delta fresh,Delta fresh
tom Lange,tom Lange
Seald Sweet,Seald Sweet
Heritage,Heritage
CACHE,CACHE
Farmersbest,Farmersbest
Fort Worth,Fort Worth
MEXFRESH,MEXFRESH
Western Pacific,Western Pacific
Creekside,Creekside
TRAVELERS,TRAVELERS
Crownjewels,Crownjewels
ERGO,ERGO
ASL ,ASL 
Eagle eye,Eagle eye
Majestic,Majestic
tendwell,tendwell
TOPLINE,TOPLINE
Mr. Lucky,Mr. Lucky
EAGLE EYE,EAGLE EYE
MALENA,MALENA
FARMER´S BEST,FARMER´S BEST
NEXT LEVEL,NEXT LEVEL
GIUMARRA,GIUMARRA
MAJESTIC,MAJESTIC
BIGCHUY,BIGCHUY
AGRIVERA,AGRIVERA
Green life farms,Green life farms
star Produce,star Produce
crown jewels,crown jewels
TABAFRESH,TABAFRESH
Del Mar Packing LLC,Del Mar Packing LLC
crownjewels,crownjewels
FARMERS BEST,FARMERS BEST
delta,delta
premier ,premier 
TERRBELLA,TERRBELLA
WINDSET,WINDSET
PREMIER,PREMIER
BALOIAN,BALOIAN
Limonik,Limonik
Bell Flower,Bell Flower
alamo,alamo
cache,cache
IDEAL HARBEST,IDEAL HARBEST
CArdela,CArdela
GREATLAKES,GREATLAKES
Malena ,Malena 
FARMERSBEST,FARMERSBEST
Idealharbest,Idealharbest
Kngdom,Kngdom
Brothers Best P,Brothers Best P
chula,chula
JAYYOUMANS,JAYYOUMANS
IDEALHARBEST,IDEALHARBEST
TopShelfAg,TopShelfAg
farmerbest,farmerbest
FARMERBEST,FARMERBEST
LAKEWAY,LAKEWAY
Edible harvest,Edible harvest
SPLENDID,SPLENDID
BestDeal,BestDeal
Delta ,Delta 
Kinstom,Kinstom
WonderFields,WonderFields
TOV,TOV
NATUREFRESH,NATUREFRESH
Border melons,Border melons
Beckwith Produce,Beckwith Produce
"Ciruli Brothers, LLC.","Ciruli Brothers, LLC."
IDEAL harbest,IDEAL harbest
Bridges ,Bridges 
Gonzalez,Gonzalez
BBEO,BBEO
franks,franks
Brigdes,Brigdes
"Mega Produce, LLC.","Mega Produce, LLC."
EDIBLE HARVEST,EDIBLE HARVEST
kaliroy,kaliroy
Cardela Produce,Cardela Produce
Pennrose,Pennrose
DelCabo,DelCabo
farmers,farmers
CROWNJEWELS,CROWNJEWELS
WILSON,WILSON
Don Hugo,Don Hugo
Tom lange,Tom lange
Villar,Villar
PENNROSE,PENNROSE
Harvest,Harvest
KALIROY,KALIROY
RCF,RCF
Ivan Big Tree,Ivan Big Tree
Del Mar,Del Mar
Ciruli ,Ciruli 
Stella Farms,Stella Farms
divine,divine
NATURE FRESH,NATURE FRESH
Border melon,Border melon
Total Experience,Total Experience
Ciruli,Ciruli
"Santis Produce, LLC.","Santis Produce, LLC."
WONDERFIELDS,WONDERFIELDS
TRISON,TRISON
Naturefresh,Naturefresh
GBJ,GBJ
Frank Donio Inc.,Frank Donio Inc.
DIvine,DIvine
Altima,Altima
Wonderfields,Wonderfields
Fresh start,Fresh start
CROWJEWELS,CROWJEWELS
Southern,Southern
VILLAGE,VILLAGE
stella farms,stella farms
Best Deal,Best Deal
Stella farms,Stella farms
DELCABO,DELCABO
Crrekside,Crrekside
Farmer Fresh,Farmer Fresh
Vera Fruit,Vera Fruit
topline,topline
redsun,redsun
Total Produce Ex,Total Produce Ex
Greepoint,Greepoint
Del Cabo,Del Cabo
agros,agros
Nature fresh,Nature fresh
EXPOFRESH,EXPOFRESH
Southern Valley,Southern Valley
Kingsville,Kingsville
tpe,tpe
Coke Farm,Coke Farm
Trison,Trison
vegfresh,vegfresh
WONDERFIELD,WONDERFIELD
Del cabo,Del cabo
Pacific tomato,Pacific tomato
Terrabella GH,Terrabella GH
RDESUN,RDESUN
JAS Family Farms,JAS Family Farms
ISP,ISP
Total Experience ,Total Experience 
JAS Family,JAS Family
JBJ,JBJ
CIRULI,CIRULI
PennRose,PennRose
Coopginger,Coopginger
GLOBALMEX,GLOBALMEX
CHRIVAS,CHRIVAS
Frank,Frank
DOOZEN,DOOZEN
CIRULLI,CIRULLI
ARTMEX,ARTMEX
Cabefruit,Cabefruit
DEL CABO,DEL CABO
Cokefarm,Cokefarm
globalmex,globalmex
Lakweay,Lakweay
DVINE,DVINE
Farm Fresh,Farm Fresh
Jay Youmans,Jay Youmans
Grower Direct,Grower Direct
Greenyard,Greenyard
Verafrut,Verafrut
TopLine,TopLine
